ID,Name
101879113,C Martin
103874216,Patricia Lambert
103955704,Geneviève Lameul
107947072,Fabrice BARTHELEMY
10932286X,HARLÉ Isabelle
110137256,L Chalmel
111224004,Marie Toullec-Théry
111351545,Stéphane Simonian
111709814,Ecatérina PACURAR
112353916,Farges Géraldine
112381170,Valérie MUNIER
112451713,Magdalena Kohout-Diaz
113455844,Laurent Gutierrez
114095507,Laurent Lescouarch
114505160,Arnaud DUBOIS
114719217,MOIGNARD Benjamin
115863869,Dominique Broussal
117204080,Jean-Michel Perez
117481548,DUGAS Eric
118185276,Ludovic MORGE
119170302,Sophie MORLAIX
121416593,Nassira Hedjerassi
121566307,C Marcel
123626781,Mathilde Musard
123980380,Eric Mangez
126235546,Marie-Pierre CHOPIN
128468041,VANDEBROUCK Fabrice
129135763,E Flavier
129209872,Fabienne Maillard
129458929,Valérie Legros
129974641,A Rasmussen
130361372,Sébastien Pesce
130566993,Bart
130940291,HELY Matthieu
13110571X,DE CARVALHO Graça
131120875,POPA ROCH Maria
132160218,LEMBRE Stéphane
133105296,Hervé Benoit
133380130,['Caroline LADAGE' 'Caroline Ladage']
133618382,P Bouvet
13364233X,['COULANGE Lalina' 'Lalina Coulange']
134244060,Lhoste Yann
135608104,HUSSER Anne-Claire
135643198,FLUCKIGER Cédric
135653088,Ludivine Balland
135676878,Béatrice Drot-Delangé
137793901,VOISIN Dimitri
13801244X,Georget jean-Philippe
13960992X,Christophe Roiné
139857427,Olivier LAS VERGNAS
140804994,Sylvain Starck
143392719,Ghislaine GUEUDET
147165148,David Oget
148648665,BOLLON Thierry
149379234,L Maurines
150659067,CARDON QUINT Clémence
15212358X,Annette Jarlégan
152325034,Nicolas Divert
152428348,LAFONT Pascal
153570814,Ligozat Florence
157231550,Thomas Barrier
157237427,Christophe Michaud
157447685,Bueno-Ravel Laëtitia
15764250X,Diane Bedoin
159017920,A evin
160524946,['Line NUMA BOCAGE' 'Line Numa-Bocage']
162205295,Ilaria PIRONE
166272922,['Joris Thievenaz' 'THIEVEnaZ Joris']
167357808,C Ollivier
167805223,Pascal Fugier
167831402,Mendonca Dias
167916041,LOUVET Eva
169855414,Alexandre ployé
170139077,GUIDONI-STOLTZ Dominique Agrosup
170791157,Simon MODESTE
175353247,Olivier Brito
178789240,Arthur Vuattoux
178800333,O Rohmer
179004794,Karine BÉCU-ROBINAULT
179942042,Arnaud SIMÉONE
182302237,Di Paola Vanessa
184546095,D Cross
185508766,Marie Vergnon
186402848,PETIT Lucie
189859490,VERKAMPT Fanny
193705974,Mickaël JURY
194321509,P Monneret
194886913,I Gaudy-Campbell
195933664,Emilie Saunier
19757033X,C Sarre
198065787,Fantognon
198308671,Béatrice Savarieau
199483795,G Sockett
199707200,['LOQUAIS Maël' 'Maël Loquais']
219962677,Molinie
223496898,F Ric
223756237,SANCHEZ Eric
223774979,S Simonian
223942421,DARLINGTON Emily
227450140,Ghislain Leroy
26701154,S Bailly
26844311,Dupont
28827546,HOURS Bernard
29367247,Frédéric Charles
29467365,L Puren
30956544,Éric RODITI
30963648,HUBERT Bruno
31359922,['Gilles COMBAZ' 'Gilles Combaz']
32268386,D Toffoli
32508026,G Escalié
33782687,Pierre Périer
33846936,Frédérique LERBET-SÉRÉNI
34055320,Cédric FRETIGNE
34241388,VIEVILLE Thierry
34359443,Emmanuelle ANNOOT
34592768,E Nissen
34852069,Jean-Marc LANGE
35326727,Anne Barrère
50127462,Joël Lebeaume
50379402,Bruno GARNIER
50487957,Nicolas Sembel
50516167,Anne Brun
50714619,Maria Pagoni-Andréani
50775561,JORRO Anne
52022056,LONCLE-MORICEAU Patricia
52202119,SOMAT Alain
52451658,KARAKATSANI Despina
54377595,Brigitte Albero
55320473,Pascal MARQUET
5577170X,S Tirard
56263619,VEILLARD Laurent
57291519,Chabanne
57487383,Bertrand DAUNAY
57565716,Patrick Geffard
57765766,['Catherine BLAYA' 'Catherine Blaya']
58215360,Cécile Dejoux
58590323,Yves Matheron
58920943,A Soron
59544120,Laurent LIMA
59625201,Anne-Lise Ulmann
5978136X,Clément Céline
60112654,Céline Piquée
60741635,Emmanuelle Savignac
60784407,Eric FLAVIER
60785020,Serge Leblanc
60839503,Érica DE VRIES
61024201,Causa
61110949,Magali Hersant
61388688,Odile ROHMER
61782270,['Marie-France CARNUS' 'Marie-France Carnus']
68729529,Jean-Luc RINAUDO
68780923,Valérie Inès De la Ville
69006601,Thérèse PEREZ-ROUX
69039089,Stéphane Bonnery
6905472X,Christine Vidal Gomel
69846952,Antoine Thépaut
6993696X,A Gombert
69940010,Valérie Becquet
70194602,Sandra Gaviria
70214220,Hakima MEGHERBI
70543771,C Dupuy
70549923,['A Bretegnier' 'BRETEGNIER Aude']
7139611X,CROIZET Jean-Claude
73307807,S Wharton
73378410,BUTON François
74242717,Thierry ARDOUIN
74435728,Marie-Christine Félix
75643448,Muriel FRISCH
75645939,Stéphanie Rubi
75691310,Silvia LUCCHINI
7570000X,BRUNEAUD Jean-François
7577190X,A Wilson
76065081,Catherine Négroni
76148459,P Plantard
76513351,JACQUÉ Marie
76536645,Ouvrier-Buffet Cécile
76700186,Emmanuelle Brossais
76977013,Laurence Durat
77013808,Jérôme ENEAU
77712994,Moullet Stéphanie
77863186,Marie-Christine TOCZEK-CAPELLE
77902092,Pascale BRANDT POMARES
78455197,Véronique BORDES
79289843,N Molle
79500064,Dominique Bret
7957047X,Alain Frugière
80096786,Pascal Terrien
83418822,Jacques BEZIAT
83662596,DEMONT Elisabeth
83720103,TESTE Benoit
83966854,Teresa ASSUDE
84598425,Marie-France BISHOP
84735562,Claire TARDIEU
85802638,Gilles Monceau
86137972,M Jury
86182390,GEIGER-JAILLET Anémone
86451979,Jean-François CONDETTE
86862057,Geneviève ZOIA
87102358,Corinne BAUJARD
87489708,Sandrine NICOURD
87498847,Julie Deville
87582929,Marc DEMEUSE
87989425,Philippe Chaussecourte
88046494,Ciekanski
88086534,MANGE Jessica
89759567,Thierry Piot
90444590,Caroline DESOMBRE
91899052,Thérèse Levené
91989280,Regis Revenin
92157548,Fatima CHNANE-DAVIN
93052553,['Nathalie LAVIELLE GUTNIK' 'Nathalie Lavielle-Gutnik']
93630832,Stéphane Brau-Antony
94654972,Isabelle Collet
94660808,Francis Lebon
95203346,Vivianne Durand-Guerrier
95633928,Sébastien JAKUBOWSKI
97640174,Fernex Alain
98141392,Angela BARTHES
99261723,Sylvie Canat
99530295,E Guérin
